<?xml version="1.0" encoding="UTF-8"?><?xml-stylesheet type='text/xsl' href='_UpgradeReport_Files/UpgradeReport.xslt'?><UpgradeLog>
<Properties><Property Name="Solution" Value="Patterns In Action">
</Property><Property Name="Solution File" Value="D:\Work\school\cursuri\ASSE\2011-2012\Laborator\Laborator 4\delme\Design Pattern Framework 2.0 CS\Patterns In Action\Patterns In Action.sln">
</Property><Property Name="Date" Value="Monday, October 31, 2011">
</Property><Property Name="Time" Value="7:30 AM">
</Property></Properties><Event ErrorLevel="1" Project="BusinessObjects" Source="BusinessObjects\BusinessObjects.csproj" Description="Your project is targeting .NET Framework 2.0 or 3.0. If your project uses assemblies requiring a newer .NET Framework, your project will fail to build. You can change the .NET Framework version by clicking Properties on the project menu and then selecting a new version in the '.NET Framework' dropdown box. (In Visual Basic, this is located on the Compile tab by clicking the 'Advanced Compiler Options...' button.)">
</Event><Event ErrorLevel="0" Project="BusinessObjects" Source="BusinessObjects\BusinessObjects.csproj" Description="Project converted successfully">
</Event><Event ErrorLevel="3" Project="BusinessObjects" Source="BusinessObjects\BusinessObjects.csproj" Description="Converted">
</Event><Event ErrorLevel="1" Project="Facade" Source="Facade\Facade.csproj" Description="Your project is targeting .NET Framework 2.0 or 3.0. If your project uses assemblies requiring a newer .NET Framework, your project will fail to build. You can change the .NET Framework version by clicking Properties on the project menu and then selecting a new version in the '.NET Framework' dropdown box. (In Visual Basic, this is located on the Compile tab by clicking the 'Advanced Compiler Options...' button.)">
</Event><Event ErrorLevel="0" Project="Facade" Source="Facade\Facade.csproj" Description="Project converted successfully">
</Event><Event ErrorLevel="3" Project="Facade" Source="Facade\Facade.csproj" Description="Converted">
</Event><Event ErrorLevel="1" Project="DataObjects" Source="DataObjects\DataObjects.csproj" Description="Your project is targeting .NET Framework 2.0 or 3.0. If your project uses assemblies requiring a newer .NET Framework, your project will fail to build. You can change the .NET Framework version by clicking Properties on the project menu and then selecting a new version in the '.NET Framework' dropdown box. (In Visual Basic, this is located on the Compile tab by clicking the 'Advanced Compiler Options...' button.)">
</Event><Event ErrorLevel="0" Project="DataObjects" Source="DataObjects\DataObjects.csproj" Description="Project converted successfully">
</Event><Event ErrorLevel="3" Project="DataObjects" Source="DataObjects\DataObjects.csproj" Description="Converted">
</Event><Event ErrorLevel="1" Project="Log" Source="Log\Log.csproj" Description="Your project is targeting .NET Framework 2.0 or 3.0. If your project uses assemblies requiring a newer .NET Framework, your project will fail to build. You can change the .NET Framework version by clicking Properties on the project menu and then selecting a new version in the '.NET Framework' dropdown box. (In Visual Basic, this is located on the Compile tab by clicking the 'Advanced Compiler Options...' button.)">
</Event><Event ErrorLevel="0" Project="Log" Source="Log\Log.csproj" Description="Project converted successfully">
</Event><Event ErrorLevel="3" Project="Log" Source="Log\Log.csproj" Description="Converted">
</Event><Event ErrorLevel="1" Project="Cart" Source="Cart\Cart.csproj" Description="Your project is targeting .NET Framework 2.0 or 3.0. If your project uses assemblies requiring a newer .NET Framework, your project will fail to build. You can change the .NET Framework version by clicking Properties on the project menu and then selecting a new version in the '.NET Framework' dropdown box. (In Visual Basic, this is located on the Compile tab by clicking the 'Advanced Compiler Options...' button.)">
</Event><Event ErrorLevel="0" Project="Cart" Source="Cart\Cart.csproj" Description="Project converted successfully">
</Event><Event ErrorLevel="3" Project="Cart" Source="Cart\Cart.csproj" Description="Converted">
</Event><Event ErrorLevel="1" Project="Controls" Source="Controls\Controls.csproj" Description="Your project is targeting .NET Framework 2.0 or 3.0. If your project uses assemblies requiring a newer .NET Framework, your project will fail to build. You can change the .NET Framework version by clicking Properties on the project menu and then selecting a new version in the '.NET Framework' dropdown box. (In Visual Basic, this is located on the Compile tab by clicking the 'Advanced Compiler Options...' button.)">
</Event><Event ErrorLevel="0" Project="Controls" Source="Controls\Controls.csproj" Description="Project converted successfully">
</Event><Event ErrorLevel="3" Project="Controls" Source="Controls\Controls.csproj" Description="Converted">
</Event><Event ErrorLevel="1" Project="Transactions" Source="Transaction\Transactions.csproj" Description="Your project is targeting .NET Framework 2.0 or 3.0. If your project uses assemblies requiring a newer .NET Framework, your project will fail to build. You can change the .NET Framework version by clicking Properties on the project menu and then selecting a new version in the '.NET Framework' dropdown box. (In Visual Basic, this is located on the Compile tab by clicking the 'Advanced Compiler Options...' button.)">
</Event><Event ErrorLevel="0" Project="Transactions" Source="Transaction\Transactions.csproj" Description="Project converted successfully">
</Event><Event ErrorLevel="3" Project="Transactions" Source="Transaction\Transactions.csproj" Description="Converted">
</Event><Event ErrorLevel="1" Project="ViewState" Source="ViewState\ViewState.csproj" Description="Your project is targeting .NET Framework 2.0 or 3.0. If your project uses assemblies requiring a newer .NET Framework, your project will fail to build. You can change the .NET Framework version by clicking Properties on the project menu and then selecting a new version in the '.NET Framework' dropdown box. (In Visual Basic, this is located on the Compile tab by clicking the 'Advanced Compiler Options...' button.)">
</Event><Event ErrorLevel="0" Project="ViewState" Source="ViewState\ViewState.csproj" Description="Project converted successfully">
</Event><Event ErrorLevel="3" Project="ViewState" Source="ViewState\ViewState.csproj" Description="Converted">
</Event><Event ErrorLevel="1" Project="Encryption" Source="Encryption\Encryption.csproj" Description="Your project is targeting .NET Framework 2.0 or 3.0. If your project uses assemblies requiring a newer .NET Framework, your project will fail to build. You can change the .NET Framework version by clicking Properties on the project menu and then selecting a new version in the '.NET Framework' dropdown box. (In Visual Basic, this is located on the Compile tab by clicking the 'Advanced Compiler Options...' button.)">
</Event><Event ErrorLevel="0" Project="Encryption" Source="Encryption\Encryption.csproj" Description="Project converted successfully">
</Event><Event ErrorLevel="3" Project="Encryption" Source="Encryption\Encryption.csproj" Description="Converted">
</Event><Event ErrorLevel="1" Project="WindowsSOAClient" Source="WindowsSOAClient\WindowsSOAClient.csproj" Description="Your project is targeting .NET Framework 2.0 or 3.0. If your project uses assemblies requiring a newer .NET Framework, your project will fail to build. You can change the .NET Framework version by clicking Properties on the project menu and then selecting a new version in the '.NET Framework' dropdown box. (In Visual Basic, this is located on the Compile tab by clicking the 'Advanced Compiler Options...' button.)">
</Event><Event ErrorLevel="0" Project="WindowsSOAClient" Source="WindowsSOAClient\WindowsSOAClient.csproj" Description="Project converted successfully">
</Event><Event ErrorLevel="3" Project="WindowsSOAClient" Source="WindowsSOAClient\WindowsSOAClient.csproj" Description="Converted">
</Event><Event ErrorLevel="0" Project="" Source="Patterns In Action.sln" Description="Solution converted successfully">
</Event><Event ErrorLevel="3" Project="" Source="Patterns In Action.sln" Description="Converted">
</Event><Event ErrorLevel="0" Project="BusinessObjects" Source="BusinessObjects\BusinessObjects.csproj" Description="Scan complete: Upgrade not required for project files.">
</Event><Event ErrorLevel="0" Project="Facade" Source="Facade\Facade.csproj" Description="Scan complete: Upgrade not required for project files.">
</Event><Event ErrorLevel="0" Project="DataObjects" Source="DataObjects\DataObjects.csproj" Description="Scan complete: Upgrade not required for project files.">
</Event><Event ErrorLevel="0" Project="Log" Source="Log\Log.csproj" Description="Scan complete: Upgrade not required for project files.">
</Event><Event ErrorLevel="0" Project="Cart" Source="Cart\Cart.csproj" Description="Scan complete: Upgrade not required for project files.">
</Event><Event ErrorLevel="0" Project="Controls" Source="Controls\Controls.csproj" Description="Scan complete: Upgrade not required for project files.">
</Event><Event ErrorLevel="0" Project="Transactions" Source="Transaction\Transactions.csproj" Description="Scan complete: Upgrade not required for project files.">
</Event><Event ErrorLevel="0" Project="ViewState" Source="ViewState\ViewState.csproj" Description="Scan complete: Upgrade not required for project files.">
</Event><Event ErrorLevel="0" Project="Encryption" Source="Encryption\Encryption.csproj" Description="Scan complete: Upgrade not required for project files.">
</Event><Event ErrorLevel="0" Project="WindowsSOAClient" Source="WindowsSOAClient\WindowsSOAClient.csproj" Description="Scan complete: Upgrade not required for project files.">
</Event></UpgradeLog>